KINGLTNE1-0001|།བོད་ྱཀི་བཙན་པོ་ྷལ་ཐོ་ཐོ་རི་གཉན་བཙན་ནི།|།བོད་ྱཀི་བཙན་པོ་ྷལ་ཐོ་ཐོ་རི་གཉན་བཙན་ནི།
KINGLTNE1-0002|།ཕྱི་ལོའི་དུས་རབས་གསུམ་པའི་ནང་ཡབ་ཁྲི་རྗེ་ཐོག་བཙན་དང་། ཡུམ་རུ་ཡོང་བཟའ་སྟོང་རྒྱལ་ན་མོ་ཚོ་གཉིས་ཀྱི་སྲས་སུ་སྐུ་འཁྲུངས།|ཕྱི་ལོའི་དུས་རབས་གསུམ་པའི་ནང་ཡབ་ཁྲི་རྗེ་ཐོག་བཙན་དང་། ཡུམ་རུ་ཡོང་བཟའ་སྟོང་རྒྱལ་ན་མོ་ཚོ་གཉིས་ཀྱི་སྲས་སུ་སྐུ་འཁྲུངས།
KINGLTNE1-0003|རྣོ་ཟ་མང་དགར་བྱ་་བཙུན་མོར་བཞེས་པར་སྲས་ཁྲི་གཉན་བཟུང་བཙན་འཁྲུངས།|།རྣོ་ཟ་མང་དགར་བྱ་་བཙུན་མོར་བཞེས་པར་སྲས་ཁྲི་གཉན་བཟུང་བཙན་འཁྲུངས།
KINGLTNE1-0004|དུས་སྐབས་དེ་ནི་བོད་ཀྱི་སྤྱི་ཚོགས་ཁྱོན་ཡོངས་ནས།ཆོས་ལུགས་དང་རིག་གནས་ཀྱི་འགྱུར་བ་ཆེ་བའི་བར་བརྒལ་གྱི་དུས་སྐབས་ཤིག་ཡིན་པས།|དུས་སྐབས་དེ་ནི་བོད་ཀྱི་སྤྱི་ཚོགས་ཁྱོན་ཡོངས་ནས།ཆོས་ལུགས་དང་རིག་གནས་ཀྱི་འགྱུར་བ་ཆེ་བའི་བར་བརྒལ་གྱི་དུས་སྐབས་ཤིག་ཡིན་པས།
KINGLTNE1-0005|རྒྱལ་པོ་ལྷ་ཐོ་ཐོ་རི་གཉན་བཙན་གྱི་སྲིད་དབང་ལ་ཡང་བརྟན་ལྷིང་མེད་པར་ཡོ་འཁྱོམ་ཆེ་བའི་སྐབས་ཤིཀ་ཏུ་འཁེལ་ཡོད།|རྒྱལ་པོ་ལྷ་ཐོ་ཐོ་རི་གཉན་བཙན་གྱི་སྲིད་དབང་ལ་ཡང་བརྟན་ལྷིང་མེད་པར་ཡོ་འཁྱོམ་ཆེ་བའི་སྐབས་ཤིཀ་ཏུ་འཁེལ་ཡོད།
KINGLTNE1-0006|འོན་ཀྱང་བཙན་པོ་ལྷ་ཐོ་ཐོ་རི་གཉན་བཙན་གྱིས་ཞི་ངྲག་གི་གནང་ཐབས་སྣ་ཚོགས་ལ་བརྟེན་ནས།|འོན་ཀྱང་བཙན་པོ་ལྷ་ཐོ་ཐོ་རི་གཉན་བཙན་གྱིས་ཞི་ངྲག་གི་གནང་ཐབས་སྣ་ཚོགས་ལ་བརྟེན་ནས།
KINGLTNE1-0007|རྒྱལ་ཁབ་ཀྱི་ཆབ་སྲིད་རྟན་ལྷིང་རྒྱུན་འཁྱོངས་ངང་ནས་ཡར་རྒྱས་གོང་སྤེལ་མཛད་པར་མ་ཟད།|རྒྱལ་ཁབ་ཀྱི་ཆབ་སྲིད་རྟན་ལྷིང་རྒྱུན་འཁྱོངས་ངང་ནས་ཡར་རྒྱས་གོང་སྤེལ་མཛད་པར་མ་ཟད།
KINGLTNE1-0008|སྤྱི་ཚོགས་ཀྱི་མངོན་འདོད་དང་དགོས་མཁོ་ལ་གཞིགས་ཏེ།|སྤྱི་ཚོགས་ཀྱི་མངོན་འདོད་དང་དགོས་མཁོ་ལ་གཞིགས་ཏེ།
KINGLTNE1-0009|བསམ་བབློ་དང་རིག་གཞུང་རྙིང་པའི་ཁིད་ཁྱི་རྒྱུན་འཛིན་བྱ་འོས་པའི་བའི་རིགས་ལ་སྲང་སྐྱོབ་མཛད་པ་དང་མཉ་དུ།|བསམ་བབློ་དང་རིག་གཞུང་རྙིང་པའི་ཁིད་ཁྱི་རྒྱུན་འཛིན་བྱ་འོས་པའི་བའི་རིགས་ལ་སྲང་སྐྱོབ་མཛད་པ་དང་མཉ་དུ།
KINGLTNE1-0010|ཆོས་ལུགས་དང་རིག་གནས་གསར་པ་ནང་འདྲིན་བྱིད་སར་སྐུ་ལས་ཚད་མད་བསྐྱོན་ཡོད།|ཆོས་ལུགས་དང་རིག་གནས་གསར་པ་ནང་འདྲིན་བྱིད་སར་སྐུ་ལས་ཚད་མད་བསྐྱོན་ཡོད།
KINGLTNE1-0011|བོད་ཀྱི་ལོ་རྒྱུས་ཐོག་ནས་ནང་པའིཆོས་ལུགས་དང་འབྲེལ་བའི་སྐུ་གསུང་ཐུགས་རྟེན་ཡང།|བོད་ཀྱི་ལོ་རྒྱུས་ཐོག་ནས་ནང་པའིཆོས་ལུགས་དང་འབྲེལ་བའི་སྐུ་གསུང་ཐུགས་རྟེན་ཡང།
KINGLTNE1-0012|ཐོག་མར་བཙན་པོ་ལྷ་ཐོ་ཐོ་རི་གཉན་བཙན་གྱི་སྐུ་རིང་ལ་བོད་དུ་གདན་ངྲངས་པ་ཡིན་པས།|ཐོག་མར་བཙན་པོ་ལྷ་ཐོ་ཐོ་རི་གཉན་བཙན་གྱི་སྐུ་རིང་ལ་བོད་དུ་གདན་ངྲངས་པ་ཡིན་པས།
KINGLTNE1-0013|རྒྱལ་པོ་དེའི་སྐབས་བོད་དུ་ནང་ཆོས་དང་བའི་གཞི་རྩ་བརྟན་པོ་ཚུགས་པར་མཛད་ཅིང་།|རྒྱལ་པོ་དེའི་སྐབས་བོད་དུ་ནང་ཆོས་དང་བའི་གཞི་རྩ་བརྟན་པོ་ཚུགས་པར་མཛད་ཅིང་།
KINGLTNE1-0014|བོད་ཀྱི་དཔལ་འབྱོར་དང་། ཆབ་སྲིད། ཆོས་ལུགས་བཅས་གང་ཅིའི་ཐད་ནས་རྒྱལ་པོ་གོང་མ་དག་ལས་མཛད་རྗེས་ཆེ་བ་བཞག་ཡོད།|བོད་ཀྱི་དཔལ་འབྱོར་དང་། ཆབ་སྲིད། ཆོས་ལུགས་བཅས་གང་ཅིའི་ཐད་ནས་རྒྱལ་པོ་གོང་མ་དག་ལས་མཛད་རྗེས་ཆེ་བ་བཞག་ཡོད།
KINGLTNE1-0015|རྒྱུ་མཚན་དེ་དག་ལ་བརྟེན་ནས་ཆོས་རྒྱལ་མེས་དབོན་རྣམ་གསུམ་བགྲང་བའི་སྐབས། རིགས་ཤིག་གིས་མེས་དབོན་རྣམ་གསུམ་གྱི་དང་པོར།|རྒྱུ་མཚན་དེ་དག་ལ་བརྟེན་ནས་ཆོས་རྒྱལ་མེས་དབོན་རྣམ་གསུམ་བགྲང་བའི་སྐབས། རིགས་ཤིག་གིས་མེས་དབོན་རྣམ་གསུམ་གྱི་དང་པོར།  
KINGLTNE1-0016|བཙན་པོ་ལྷ་ཐོ་ཐོ་རི་གཉན་བཙན་བགྲངས་ཏེ། བཙན་པོ་འདི་བོད་ཀྱི་བཙན་པོ་རྣམས་ལས་མཙན་སྙར་དང་མཛད་རྗེས་ཆེ་བ་ཞིག་ཏུ་ངོས་འཛིན་བྱེད།|བཙན་པོ་ལྷ་ཐོ་ཐོ་རི་གཉན་བཙན་བགྲངས་ཏེ། བཙན་པོ་འདི་བོད་ཀྱི་བཙན་པོ་རྣམས་ལས་མཙན་སྙར་དང་མཛད་རྗེས་ཆེ་བ་ཞིག་ཏུ་ངོས་འཛིན་བྱེད།
KINGLTNE1-0017|གང་ལྟར་ཡང་བབཙན་པོ་ལྷ་ཐོ་ཐོ་རི་གཉན་བཙན་ནི། བོད་ཀྱི་ལོ་རྒྱུས་ཐོག་ཤིན྄ཏུ་མཚན་སྙན་ཆེ་བའི་རྒྱལ་པོ་ཞིག་ཡིན་པ་ཡོངས་གྲགས་ཡིན།|གང་ལྟར་ཡང་བབཙན་པོ་ལྷ་ཐོ་ཐོ་རི་གཉན་བཙན་ནི། བོད་ཀྱི་ལོ་རྒྱུས་ཐོག་ཤིན྄ཏུ་མཚན་སྙན་ཆེ་བའི་རྒྱལ་པོ་ཞིག་ཡིན་པ་ཡོངས་གྲགས་ཡིན།
KINGLTNE1-0018|།བོད་ཀྱི་རྒྱལ་པོ་ཐོག་མ་གཉའ་ཁྲི་བཙན་པོ་ནས་བཟུང་སྟེ། རྒྱལ་པོ་ཉེར་བདུན་རིང་ལ་བོད་ཀྱི་ཆབ་སྲིད་སྒྲུང་ལྡེ་བོན་གསུལ་གྱིས་བསྐྱངས་ཞེས་པ་ནི།|།བོད་ཀྱི་རྒྱལ་པོ་ཐོག་མ་གཉའ་ཁྲི་བཙན་པོ་ནས་བཟུང་སྟེ། རྒྱལ་པོ་ཉེར་བདུན་རིང་ལ་བོད་ཀྱི་ཆབ་སྲིད་སྒྲུང་ལྡེ་བོན་གསུལ་གྱིས་བསྐྱངས་ཞེས་པ་ནི།
KINGLTNE1-0019|བོད་ཀྱི་རྒྱལ་རབས་ལོ་རྒྱུས་ལ་ཡོངས་སུ་གྲགས་པའི་གཏམ་རྒྱུག་ཆེ་བབ་ཞིག་ཡིན་པ་ལྟར། དངོས་ཡོད་གནས་ཚུལ་ལ་ཡང་དེ་ལྟར་ཡིན་ངེས་པས།|བོད་ཀྱི་རྒྱལ་རབས་ལོ་རྒྱུས་ལ་ཡོངས་སུ་གྲགས་པའི་གཏམ་རྒྱུག་ཆེ་བབ་ཞིག་ཡིན་པ་ལྟར། དངོས་ཡོད་གནས་ཚུལ་ལ་ཡང་དེ་ལྟར་ཡིན་ངེས་པས།
KINGLTNE1-0020|རྒྱལ་པོ་ཉེར་དུན་རིང་བོན་ལུགས་ནི་བོད་ཀྱི་མང་ཚོགས་ཡིད་ཆེས་དང་དད་གུས་ཞུ་ཡུལ་གཙོ་ཞིག་ཏུ་གྱུར་ཡོད།|རྒྱལ་པོ་ཉེར་དུན་རིང་བོན་ལུགས་ནི་བོད་ཀྱི་མང་ཚོགས་ཡིད་ཆེས་དང་དད་གུས་ཞུ་ཡུལ་གཙོ་ཞིག་ཏུ་གྱུར་ཡོད།
KINGLTNE1-0021|འོན་ཀྱང་བཙན་པོ་ལྷ་ཐོ་ཐོ་རི་གཉན་བཙན་གྱིས་བོད་ཀྱི་སྲིད་དབང་བསྐྱངས་པའི་སྐབས།|འོན་ཀྱང་བཙན་པོ་ལྷ་ཐོ་ཐོ་རི་གཉན་བཙན་གྱིས་བོད་ཀྱི་སྲིད་དབང་བསྐྱངས་པའི་སྐབས།
KINGLTNE1-0022|བོད་ཀྱི་ལང་ཚོགས་ཀྱི་བསམ་བློ་དང་མངོན་འདོད་ནི། སྔར་ལས་གྲུང་པོ་དང་རྣམ་དཔྱོད་ལྡན་པ་ཞོག་ཏི་འགྱུར་བཞིན་ཡོད་པར་བརྟེན།|བོད་ཀྱི་ལང་ཚོགས་ཀྱི་བསམ་བློ་དང་མངོན་འདོད་ནི། སྔར་ལས་གྲུང་པོ་དང་རྣམ་དཔྱོད་ལྡན་པ་ཞོག་ཏི་འགྱུར་བཞིན་ཡོད་པར་བརྟེན།
KINGLTNE1-0023|གནའ་བོའི་རིག་གནས་དང་བསམ་བློ། ཆོས་ལུགས་རྙིང་པ་དེ་དག་ལ་མང་ཚོགས་གྱི་མངོན་འདོད་སྒྲུབ་པའི་ནུས་པ་ཉམས་དམས་སུ་གྱུར་ཏེ།|གནའ་བོའི་རིག་གནས་དང་བསམ་བློ། ཆོས་ལུགས་རྙིང་པ་དེ་དག་ལ་མང་ཚོགས་གྱི་མངོན་འདོད་སྒྲུབ་པའི་ནུས་པ་ཉམས་དམས་སུ་གྱུར་ཏེ།
KINGLTNE1-0024|མང་ཚོགས་ནང་དུའང་ཆོས་ལུགས་དང་རོག་གནས་དེ་དག་ནུས་མེད་དུ་འགྲོ་བཞིན་པའི་གནས་ལུགས་ལ་གོ་རྟོགས་འཕེལ་བཞིན་ཡོད་པའི་སྐབས་ཤིག་ཡིན།|མང་ཚོགས་ནང་དུའང་ཆོས་ལུགས་དང་རོག་གནས་དེ་དག་ནུས་མེད་དུ་འགྲོ་བཞིན་པའི་གནས་ལུགས་ལ་གོ་རྟོགས་འཕེལ་བཞིན་ཡོད་པའི་སྐབས་ཤིག་ཡིན།
KINGLTNE1-0025|སྤྱིར་འཛམ་བུ་གླིང་གི་རྒྱལ་པོའི་སྲིད་དབང་གང་འདྲ་ཞིག་ཡིན་ཡང་རུང་།|སྤྱིར་འཛམ་བུ་གླིང་གི་རྒྱལ་པོའི་སྲིད་དབང་གང་འདྲ་ཞིག་ཡིན་ཡང་རུང་།   
KINGLTNE1-0026|རྒྱལ་གབ་དེ་དང་མི་རིགས་དེའི་མང་ཚོགས་གྱི་གཞི་རྩ་ལ་བརྟེན་ནས་གྲུབ་ཡོད་པ་སྨོས་མ་དགོས་པས། མང་ཚོགས་གྱི་བསམ་བློའི་མངོན་འདོད་དང།|རྒྱལ་གབ་དེ་དང་མི་རིགས་དེའི་མང་ཚོགས་གྱི་གཞི་རྩ་ལ་བརྟེན་ནས་གྲུབ་ཡོད་པ་སྨོས་མ་དགོས་པས། མང་ཚོགས་གྱི་བསམ་བློའི་མངོན་འདོད་དང།
KINGLTNE1-0027|སྲིད་དབང་འཕེལ་རྒྱས་དང་བརྟན་ལྷིང་ཡོང་མིན་གྱི་མཚོན་རྟགས་གལ་གནད་ཆེ་ཤོས་ཤིག་ཏུ་རང་བཞོན་གྱིས་གྱུར་ཡོད་པ་རེད།|སྲིད་དབང་འཕེལ་རྒྱས་དང་བརྟན་ལྷིང་ཡོང་མིན་གྱི་མཚོན་རྟགས་གལ་གནད་ཆེ་ཤོས་ཤིག་ཏུ་རང་བཞོན་གྱིས་གྱུར་ཡོད་པ་རེད།
KINGLTNE1-0028|རྒྱུ་མཚན་དེ་ལ་བརྟེན་ནས་སྤྱི་ཚོགས་རྙོག་ཟིང་ཆེ་བའི་དུས་སྐབས་དེར། བཙན་པོ་ལྷ་ཐོ་ཐོ་རི་གཉན་བཙན་གྱིས་མང་ཚོགས་གྱི་བསམ་བློ་དང།|རྒྱུ་མཚན་དེ་ལ་བརྟེན་ནས་སྤྱི་ཚོགས་རྙོག་ཟིང་ཆེ་བའི་དུས་སྐབས་དེར། བཙན་པོ་ལྷ་ཐོ་ཐོ་རི་གཉན་བཙན་གྱིས་མང་ཚོགས་གྱི་བསམ་བློ་དང།
KINGLTNE1-0029|ཁྲིད་ཡང་དག་ཅིག་མཛད་མ་ཐུང་ན། བཙན་པོ་རང་ཉིད་ཀྱི་སྲིད་དབང་འཐོར་ཞིག་ཏུ་འགྲོ་རྒྱུའི་ཉེན་ཁ་ཆེན་པོ་ཡོད་པར་མ་ཟད།|ཁྲིད་ཡང་དག་ཅིག་མཛད་མ་ཐུང་ན། བཙན་པོ་རང་ཉིད་ཀྱི་སྲིད་དབང་འཐོར་ཞིག་ཏུ་འགྲོ་རྒྱུའི་ཉེན་ཁ་ཆེན་པོ་ཡོད་པར་མ་ཟད།
KINGLTNE1-0030|བོད་ཁམས་ཁྱོན་ཡོངས་ལ་བརྟན་ལྷིང་མེད་པའི་ཡོ་འཁྱོམ་ཆེན་པོ་ཞིག་ཆོང་ངེས་ཡིན་པར་བརྟེན|བོད་ཁམས་ཁྱོན་ཡོངས་ལ་བརྟན་ལྷིང་མེད་པའི་ཡོ་འཁྱོམ་ཆེན་པོ་ཞིག་ཆོང་ངེས་ཡིན་པར་བརྟེན
KINGLTNE1-0031|བཙན་པོས་ཛ་དྲག་གི་གནས་བབ་དེ་ལ་རན་པའི་སྲིད་བྱུས་གང་འདྲ་ཞིག་འཛིན་དགོས་པ་དང་། བཅོས་བསྒྱུར་གང་འདྲ་བྱེད་བགོས་ཀྱི་ཡོད་མེད་ཐད་དགོངས་པ་གཏིང་ཟབ་བཞེས་ཀྱི་ཡོད་།|བཙན་པོས་ཛ་དྲག་གི་གནས་བབ་དེ་ལ་རན་པའི་སྲིད་བྱུས་གང་འདྲ་ཞིག་འཛིན་དགོས་པ་དང་། བཅོས་བསྒྱུར་གང་འདྲ་བྱེད་བགོས་ཀྱི་ཡོད་མེད་ཐད་དགོངས་པ་གཏིང་ཟབ་བཞེས་ཀྱི་ཡོད་།
KINGLTNE1-0032|བཙན་པོ་ལྷ་ཐོ་ཐོ་རི་གཉན་བཙན་གྱིས་མདུན་རྒྱབ་ཀུན་ལ་དགོངས་པ་གཏིང་ཟབ་བཞེས་པའི་མཐའ་མ།|བཙན་པོ་ལྷ་ཐོ་ཐོ་རི་གཉན་བཙན་གྱིས་མདུན་རྒྱབ་ཀུན་ལ་དགོངས་པ་གཏིང་ཟབ་བཞེས་པའི་མཐའ་མ།
KINGLTNE1-0033|རྙོག་ཟིང་ཆེ་བའི་དུས་སྐབས་དེར་རང་གིས་བློ་རིག་གྲིམ་པོས་གནང་ཐབས་མ་ནོར་བ་ཞོག་ལག་བསྟར་ལཛད་དགོས་པ་དང་།|རྙོག་ཟིང་ཆེ་བའི་དུས་སྐབས་དེར་རང་གིས་བློ་རིག་གྲིམ་པོས་གནང་ཐབས་མ་ནོར་བ་ཞོག་ལག་བསྟར་ལཛད་དགོས་པ་དང་།
KINGLTNE1-0034|མང་ཚོགས་ཀྱི་དང་བ་དང་ཡིད་ཆེས་ཉམས་དམས་སུ་འགྲོ་བཞིན་པའི་གདོད་མའི་ཆོས་ལུགས་དང་།|མང་ཚོགས་ཀྱི་དང་བ་དང་ཡིད་ཆེས་ཉམས་དམས་སུ་འགྲོ་བཞིན་པའི་གདོད་མའི་ཆོས་ལུགས་དང་།
KINGLTNE1-0035|རིག་གནས་རྙིང་པའི་རིགས་ལ་དུས་དང་བསྟུན་པའི་འགྱུར་བ་ཡང་དག་པ་ཞིག་ངེས་པང་གཏོང་དགོས་པའི་དགོངས་ཚུལ་ཡོང་གི་ཡོད།|རིག་གནས་རྙིང་པའི་རིགས་ལ་དུས་དང་བསྟུན་པའི་འགྱུར་བ་ཡང་དག་པ་ཞིག་ངེས་པང་གཏོང་དགོས་པའི་དགོངས་ཚུལ་ཡོང་གི་ཡོད།
KINGLTNE1-0036|དུས་རབས་ཀྱི་འགྱུར་འགྲོས་དང་མཐུན་པ་དང་། དངོས་ཡོད་སྤྱི་ཚོགས་ཀྱི་དགོས་མཁོ་གཞི་ལ་བཞག་སྟེ།|དུས་རབས་ཀྱི་འགྱུར་འགྲོས་དང་མཐུན་པ་དང་། དངོས་ཡོད་སྤྱི་ཚོགས་ཀྱི་དགོས་མཁོ་གཞི་ལ་བཞག་སྟེ།
KINGLTNE1-0037|རིག་གཞུང་དང་ཆཕས་ལུགས་ལ་བཅོས་བསྒྱུར་ཡང་དག་པ་ཞིག་བྱེད་ཐུབ་ན། བཙན་པོ་རང་ཉིད་ཀྱི་སྲིད་དབང་འཕེལ་རྒྱས་དང་། རྒྱུན་གནས།|རིག་གཞུང་དང་ཆཕས་ལུགས་ལ་བཅོས་བསྒྱུར་ཡང་དག་པ་ཞིག་བྱེད་ཐུབ་ན། བཙན་པོ་རང་ཉིད་ཀྱི་སྲིད་དབང་འཕེལ་རྒྱས་དང་། རྒྱུན་གནས།
KINGLTNE1-0038|བརྟན་ལྷིང་ཡོང་བར་ཕན་ནུས་ངེས་ཅན་ཐོན་རྒྱུ་ཡིན་པར་མ་ཟད།|བརྟན་ལྷིང་ཡོང་བར་ཕན་ནུས་ངེས་ཅན་ཐོན་རྒྱུ་ཡིན་པར་མ་ཟད།
KINGLTNE1-0039|མང་ཚོགས་ཀྱི་འཚོ་བ་དང་བསམ་བློ་བཅས་དུས་རབས་དང་མཐུན་པར་འཕེལ་རྒྱས་ཡོང་ཐུབ་པའི་དགེ་མཚན་ཆེན་པོ་ལྡན་པའི་གནས་ལུགས་འདི་ཡང་།|མང་ཚོགས་ཀྱི་འཚོ་བ་དང་བསམ་བློ་བཅས་དུས་རབས་དང་མཐུན་པར་འཕེལ་རྒྱས་ཡོང་ཐུབ་པའི་དགེ་མཚན་ཆེན་པོ་ལྡན་པའི་གནས་ལུགས་འདི་ཡང་།
KINGLTNE1-0040|བཙན་པོ་ལྷ་ཐོ་ཐོ་རི་གཉན་བཙན་གྱིས་གསལ་པོ་རྟོགས་ཀྱི་ཡོད་པ་རེད།|བཙན་པོ་ལྷ་ཐོ་ཐོ་རི་གཉན་བཙན་གྱིས་གསལ་པོ་རྟོགས་ཀྱི་ཡོད་པ་རེད།
KINGLTNE1-0041|ཡིན་ན་ཡང་བཙན་པོའི་རིག་གནས་དང་ཆོས་ལུགས་བཅོས་བསྒྲུར་ལ་འགོག་རྒྱེན་མེད་པ་ག་ལ་ཡིན་ཏེ། གདོད་མའི་ཆོས་ལུགས་ལ་ཞེན་ཆགས་ཆེ་བའི་བློན་པོའི་ཤོག་ཁག་དང་།ཱ|ཡིན་ན་ཡང་བཙན་པོའི་རིག་གནས་དང་ཆོས་ལུགས་བཅོས་བསྒྲུར་ལ་འགོག་རྒྱེན་མེད་པ་ག་ལ་ཡིན་ཏེ། གདོད་མའི་ཆོས་ལུགས་ལ་ཞེན་ཆགས་ཆེ་བའི་བློན་པོའི་ཤོག་ཁག་དང་།ཱ
KINGLTNE1-0042|སྒེར་པའི་ཆབ་སྲིད་ཀྱི་གེ་ཕན་རྐྱང་པ་ལ་དམིགས་པའི་སྲིད་དོན་པའི་ཤོག་ཁག|སྒེར་པའི་ཆབ་སྲིད་ཀྱི་གེ་ཕན་རྐྱང་པ་ལ་དམིགས་པའི་སྲིད་དོན་པའི་ཤོག་ཁག
KINGLTNE1-0043|རྨོངས་དང་ཞེན་ཁོག་གིས་ཡིད་བརླམས་པའི་མངཚོགས་དཀྱུས་མ་བཅས་དཔུུང་ཁག་སྟོབས་ལྡན་ཞིག་གིས་ནུས་ཤུགས་ཡོད་དགུ་རྩལ་འདོན་བྱས་ཏེ།|རྨོངས་དང་ཞེན་ཁོག་གིས་ཡིད་བརླམས་པའི་མངཚོགས་དཀྱུས་མ་བཅས་དཔུུང་ཁག་སྟོབས་ལྡན་ཞིག་གིས་ནུས་ཤུགས་ཡོད་དགུ་རྩལ་འདོན་བྱས་ཏེ།
KINGLTNE1-0044|བ​ཙན་ལྷ་ཐོ་ཐོ་རི་གཉན་བཙན་གྱི་བཅོས་བསྒྱུར་གྱི་ལས་འགུལ་ལ་འགོག་རྐྱེན་བྱེད་བཞིན་ཡོད།|བ​ཙན་ལྷ་ཐོ་ཐོ་རི་གཉན་བཙན་གྱི་བཅོས་བསྒྱུར་གྱི་ལས་འགུལ་ལ་འགོག་རྐྱེན་བྱེད་བཞིན་ཡོད།
KINGLTNE1-0045|འོན་གྱང་བཙན་པོ་ལྷ་ཐོ་ཐོ་རི་གཉན་བཙན་གྱིས་རང་གི་མིག་མདུན་དུ་འགོག་རྒྱེན་ཇི་ཙམ་ཡོད་མེད་ལ་མ་ལྟོས་ཁ་པར།|འོན་གྱང་བཙན་པོ་ལྷ་ཐོ་ཐོ་རི་གཉན་བཙན་གྱིས་རང་གི་མིག་མདུན་དུ་འགོག་རྒྱེན་ཇི་ཙམ་ཡོད་མེད་ལ་མ་ལྟོས་ཁ་པར།
KINGLTNE1-0046|མང་ཚོགས་ཀྱི་དང་བ་དང་ཡོད་ཆེས་བརླགས་ཟིན་པའི་ཆོས་ལུགས་དང་།|མང་ཚོགས་ཀྱི་དང་བ་དང་ཡོད་ཆེས་བརླགས་ཟིན་པའི་ཆོས་ལུགས་དང་།
KINGLTNE1-0047|རིག་གནས་གང་འདྲ་ཞིག་ཡིན་ཡང་རུང་། དེ་ལ་མང་ཚོགས་ཀྱི་བདེ་སྐྱིད་དང་མངོན་འདོད་སྒྲུབ་་པའི་ནུས་པ་མེད་པར་གྱུར་ཟིན་པས།|རིག་གནས་གང་འདྲ་ཞིག་ཡིན་ཡང་རུང་། དེ་ལ་མང་ཚོགས་ཀྱི་བདེ་སྐྱིད་དང་མངོན་འདོད་སྒྲུབ་་པའི་ནུས་པ་མེད་པར་གྱུར་ཟིན་པས།
KINGLTNE1-0048|ད་དུང་ཡང་དེ་ལ་ཨུ་ཚུགས་དང་ཞེན་ཁོག་གིས་མཁྲེགས་འཛིན་བྱས་ན།|ད་དུང་ཡང་དེ་ལ་ཨུ་ཚུགས་དང་ཞེན་ཁོག་གིས་མཁྲེགས་འཛིན་བྱས་ན།
KINGLTNE1-0049|དེས་སྤྱི་སྒེར་སུ་གང་ལ་ཡང་ཕན་ཐོགས་མེད་པའི་ཐོག|དེས་སྤྱི་སྒེར་སུ་གང་ལ་ཡང་ཕན་ཐོགས་མེད་པའི་ཐོག
KINGLTNE1-0050|ཡུལ་སྡེ་མང་ཚོགས་རྣམས་དུས་རབས་དང་མཐུན་པའི་ཡང་རྒྱས་འགྲོ་བའི་འགོག་རྐྱེན་ཞིག་ཏུ་འགྱུར་ངེས་པའི་གནས་ལུགས་གང་སར་བརྒྱུད་བསྒྲགས་བྱས་ཏེ།|ཡུལ་སྡེ་མང་ཚོགས་རྣམས་དུས་རབས་དང་མཐུན་པའི་ཡང་རྒྱས་འགྲོ་བའི་འགོག་རྐྱེན་ཞིག་ཏུ་འགྱུར་ངེས་པའི་གནས་ལུགས་གང་སར་བརྒྱུད་བསྒྲགས་བྱས་ཏེ།
KINGLTNE1-0051|ངོ་རྒོལ་བ་རྣམས་རྒྱུ་མཚན་དང་གནས་ལུགས་ཀྱིས་རྨོངས་གཉིད་ལས་དཀྲོག་པ་དང་། བསམ་བློའི་གོ་རྟོགས་འཕེལ་བར་ལས་འགུལ་རིམ་པར་བརྩམས་གནང་གི་ཡོད།|ངོ་རྒོལ་བ་རྣམས་རྒྱུ་མཚན་དང་གནས་ལུགས་ཀྱིས་རྨོངས་གཉིད་ལས་དཀྲོག་པ་དང་། བསམ་བློའི་གོ་རྟོགས་འཕེལ་བར་ལས་འགུལ་རིམ་པར་བརྩམས་གནང་གི་ཡོད།
KINGLTNE1-0052|བཙན་པོས་འདི་ལྟར་ཕྱི་ནང་གི་འགོག་རྐྱེན་རིགས་གང་ཐུབ་ཀྱིས་གཙང་སེལ་བྱས་ཏེ། མདུན་ཕྱོགས་སུ་བསྐྱོད་པའི་ལམ་བུ་བཏོད་ཐུབ་པ་བྱུང་བ་ན།|བཙན་པོས་འདི་ལྟར་ཕྱི་ནང་གི་འགོག་རྐྱེན་རིགས་གང་ཐུབ་ཀྱིས་གཙང་སེལ་བྱས་ཏེ། མདུན་ཕྱོགས་སུ་བསྐྱོད་པའི་ལམ་བུ་བཏོད་ཐུབ་པ་བྱུང་བ་ན།
KINGLTNE1-0053|སྤྱི་ཚོགས་ཀྱི་དགོས་མགོ་དང་མངོན་འདོད་གཞི་ལ་བཞག་སྟེ། ཆོས་ལུགས་དང་རིག་གནས་གསར་པ་ནང་འདྲེན་བྱེད་པའི་འགོ་བརྩམས་ཤིང་།|སྤྱི་ཚོགས་ཀྱི་དགོས་མགོ་དང་མངོན་འདོད་གཞི་ལ་བཞག་སྟེ། ཆོས་ལུགས་དང་རིག་གནས་གསར་པ་ནང་འདྲེན་བྱེད་པའི་འགོ་བརྩམས་ཤིང་།
KINGLTNE1-0054|སངས་རྒྱས་ཀྱི་སྐུའི་རྟེན་དང་། གསུང་གི་རྟེན། ཐུགས་ཀྱི་རྟེན་བཅས་ཐོག་མར་བཙན་པོའི་ཕོ་བྲང་དུ་གདན་འདྲེན་ཞུས་པ་རེད།|སངས་རྒྱས་ཀྱི་སྐུའི་རྟེན་དང་། གསུང་གི་རྟེན། ཐུགས་ ཀྱི་ རྟེན་བཅས་ཐོག་མར་བཙན་པོའི་ཕོ་བྲང་དུ་གདན་འདྲེན་ཞུས་པ་རེད།
KINGLTNE1-0055|འོན་ཀྱང་སངས་རྒྱས་ཀྱིུ་སྐུ་གསུང་ཐུགས་རྟེན་དེ་དག་རྒྱལ་པོའི་ཕོ་བྲང་དུ་གདན་དྲངས་ཐུབ་པ་ཙམ་གྱིས།|འོན་ཀྱང་སངས་རྒྱས་ཀྱིུ་སྐུ་གསུང་ཐུགས་རྟེན་དེ་དག་རྒྱལ་པོའི་ཕོ་བྲང་དུ་གདན་དྲངས་ཐུབ་པ་ཙམ་གྱིས།
KINGLTNE1-0056|ཆོས་ལུགས་བཅོས་བསྒྱུར་དང་རིག་གནས་དར་སྤེལ་གྱི་ལས་དོན་གྲུབ་སོང་བ་ཞིག་མ་ཡིན་པས། དེ་དག་བོད་དུ་གདན་འདྲེན་མགན་རྒྱ་གར་གྱི་པཎྜི་ཏ་བློ་སེམས་འཚོ་དང་།|ཆོས་ལུགས་བཅོས་བསྒྱུར་དང་རིག་གནས་དར་སྤེལ་གྱི་ལས་དོན་གྲུབ་སོང་བ་ཞིག་མ་ཡིན་པས། དེ་དག་བོད་དུ་གདན་འདྲེན་མགན་རྒྱ་གར་གྱི་པཎྜི་ཏ་བློ་སེམས་འཚོ་དང་།
KINGLTNE1-0057|ལི་ཡུལ་གྱི་ལོ་ཙྰ་བ་ལི་ཐི་སེ་གཉིས་ཀྱང་རྒྱལ་པོའི་ཕོ་བྲང་དུ་གདན་དྲངས་ཏེ་བཞུགས་སུ་གསོལ།|ལི་ཡུལ་གྱི་ལོ་ཙྰ་བ་ལི་ཐི་སེ་གཉིས་ཀྱང་རྒྱལ་པོའི་ཕོ་བྲང་དུ་གདན་དྲངས་ཏེ་བཞུགས་སུ་གསོལ།
KINGLTNE1-0058|རྒྱལ་པོས་པཎྜི་ཏ་དང་ལོ་ཙྰ་བ་གཉིས་ལ་དད་གུས་ཚད་མེད་ཞུས་ཏེ། ཕོ་བྲང་དུ་རྒྱུན་རིང་པོར་བཞུགས་རྒྱུའི་རེ་སྐུལ་ཞུས་པ་དང་མཉམ་དུ།|རྒྱལ་པོས་པཎྜི་ཏ་དང་ལོ་ཙྰ་བ་གཉིས་ལ་དད་གུས་ཚད་མེད་ཞུས་ཏེ། ཕོ་བྲང་དུ་རྒྱུན་རིང་པོར་བཞུགས་རྒྱུའི་རེ་སྐུལ་ཞུས་པ་དང་མཉམ་དུ།
KINGLTNE1-0059|ཁོང་གཉིས་ལ་ཕོ་བྲང་ནང་དུ་ཆོས་ལུགས་གསར་པ་དེ་འཆད་ཁྲིད་གནང་རྒྱུའི་རེ་འདུན་ཡང་ཞུས་པ་རེད།|ཁོང་གཉིས་ལ་ཕོ་བྲང་ནང་དུ་ཆོས་ལུགས་གསར་པ་དེ་འཆད་ཁྲིད་གནང་རྒྱུའི་རེ་འདུན་ཡང་ཞུས་པ་རེད།
KINGLTNE1-0060|ཡིན་ན་ཡང་མང་ཚོགས་ཕལ་ཆེ་བ་ནི། གདོད་མའི་ཆོས་ལུགས་རྙིང་པ་ལ་དང་བ་དང་ཡིད་ཆེས་བརླག་པ་ཙམ་མ་གཏོགས།|ཡིན་ན་ཡང་མང་ཚོགས་ཕལ་ཆེ་བ་ནི། གདོད་མའི་ཆོས་ལུགས་རྙིང་པ་ལ་དང་བ་དང་ཡིད་ཆེས་བརླག་པ་ཙམ་མ་གཏོགས།
KINGLTNE1-0061|ཆོས་ལུགས་གསར་པའི་ནང་དོན་ཤེས་འདོད་ཀྱི་དོན་གཉེར་མེད་པའི་ཐོག བློན་ཆེན་མང་པོ་ཞིག་གིས་ཀྱང་གདོད་མའི་ཆོས་ལུགས་རྙིང་པ་ལག་ཆར་བེད་སྤྱོད་བྱས་ཏེ།|ཆོས་ལུགས་གསར་པའི་ནང་དོན་ཤེས་འདོད་ཀྱི་དོན་གཉེར་མེད་པའི་ཐོག བློན་ཆེན་མང་པོ་ཞིག་གིས་ཀྱང་གདོད་མའི་ཆོས་ལུགས་རྙིང་པ་ལག་ཆར་བེད་སྤྱོད་བྱས་ཏེ།
KINGLTNE1-0062|རྒྱལ་པོའི་ཆོས་ལུགས་དང་རིག་གནས་ཀྱི་བཅོས་བསྒྱུར་ལ་མཐའ་གཅིག་ཏུ་ངོ་རྒོལ་བྱེད་ཀྱི་ཡོད་པས།|རྒྱལ་པོའི་ཆོས་ལུགས་དང་རིག་གནས་ཀྱི་བཅོས་བསྒྱུར་ལ་མཐའ་གཅིག་ཏུ་ངོ་རྒོལ་བྱེད་ཀྱི་ཡོད་པས།
KINGLTNE1-0063|ཆོས་ལུགས་གསར་པ་དར་འཕེལ་འགྲོ་བར་ཕྱོགས་སྣ་ཚོགས་ནས་འགོག་རྒྱེན་མཚམས་མ་ཆད་པར་ཡོང་གི་ཡོད།|ཆོས་ལུགས་གསར་པ་དར་འཕེལ་འགྲོ་བར་ཕྱོགས་སྣ་ཚོགས་ནས་འགོག་རྒྱེན་མཚམས་མ་ཆད་པར་ཡོང་གི་ཡོད།
KINGLTNE1-0064|ཕོ་བྲང་གི་ཕྱི་ནང་གཉིས་ཀར་བཙན་པོའི་བཅོས་བསྒྱུར་གྱི་བྱ་བ་ལ་འགལ་རྐྱེན་སྣ་ཚོགས་ཡོད་པའི་དབང་གིས།|ཕོ་བྲང་གི་ཕྱི་ནང་གཉིས་ཀར་བཙན་པོའི་བཅོས་བསྒྱུར་གྱི་བྱ་བ་ལ་འགལ་རྐྱེན་སྣ་ཚོགས་ཡོད་པའི་དབང་གིས།
KINGLTNE1-0065|གནས་སྐབས་རིང་ཕོ་བྲང་ནང་ཁུལ་ཙམ་མ་གཏོགས།|གནས་སྐབས་རིང་ཕོ་བྲང་ནང་ཁུལ་ཙམ་མ་གཏོགས།
KINGLTNE1-0066|བཙན་པོའི་ཐོག་མའི་ཐུགས་རེ་ལྟར་བོད་ཀྱི་སྤྱི་ཚོགས་ཁྱོན་ཡོངས་ལ་དུས་ཡུན་ཐུང་ངུའི་ནང་ནང་ཆོས་དར་སྤེལ་བྱ་རྒྱུ་ནི། ཤིན་ཏུ་དཀའ་ཁག་གི་གནས་སུ་གྱར་ཡོད་པ་རེད།|བཙན་པོའི་ཐོག་མའི་ཐུགས་རེ་ལྟར་བོད་ཀྱི་སྤྱི་ཚོགས་ཁྱོན་ཡོངས་ལ་དུས་ཡུན་ཐུང་ངུའི་ནང་ནང་ཆོས་དར་སྤེལ་བྱ་རྒྱུ་ནི། ཤིན་ཏུ་དཀའ་ཁག་གི་གནས་སུ་གྱར་ཡོད་པ་རེད།
KINGLTNE1-0067|འོན་ཀྱང་བཙན་པོའི་ཐབས་མགས་པའི་གནང་ཐབས་སྣ་ཚོགས་ལ་བརྟེན་ནས། ཐོག་མར་ཕོ་བྲང་ནང་ཁུལ་དུ་ནང་ཆོས་དར་སྤེལ་གྱི་གཞི་རྩ་བཙུགས།|འོན་ཀྱང་བཙན་པོའི་ཐབས་མགས་པའི་གནང་ཐབས་སྣ་ཚོགས་ལ་བརྟེན་ནས། ཐོག་མར་ཕོ་བྲང་ནང་ཁུལ་དུ་ནང་ཆོས་དར་སྤེལ་གྱི་གཞི་རྩ་བཙུགས།
KINGLTNE1-0068|གསར་དུ་གདན་འདྲེན་ཞུས་པའི་སྐུ་གསུང་ཐུགས་རྟེན་དེ་དག་གི་བཞུགས་གནས་སུ་གཙུག་ལག་ཁང་ཞིག་ཀྱང་གསར་དུ་བཞེངས་ཏེ།|གསར་དུ་གདན་འདྲེན་ཞུས་པའི་སྐུ་གསུང་ཐུགས་རྟེན་དེ་དག་གི་བཞུགས་གནས་སུ་གཙུག་ལག་ཁང་ཞིག་ཀྱང་གསར་དུ་བཞེངས་ཏེ།
KINGLTNE1-0069|སྐུ་གསུང་ཐུགས་རྟེན་དེ་དག་གཙུག་ལག་ཁབ་གསར་པའི་ནང་དུ་བཞུགས་སུ་གསོལ་བ་རེད།|སྐུ་གསུང་ཐུགས་རྟེན་དེ་དག་གཙུག་ལག་ཁབ་གསར་པའི་ནང་དུ་བཞུགས་སུ་གསོལ་བ་རེད།
KINGLTNE1-0070|གཙུག་ལག་ཁང་དེ་དག་ནི་བོད་ཀྱི་ལོ་རྒྱུས་ཐོག་ནང་པའི་གཙུག་ལག་ཁང་བཞེངས་པ་ཐོག་མ་ཡོན་པ་དང་།|གཙུག་ལག་ཁང་དེ་དག་ནི་བོད་ཀྱི་ལོ་རྒྱུས་ཐོག་ནང་པའི་གཙུག་ལག་ཁང་བཞེངས་པ་ཐོག་མ་ཡོན་པ་དང་།
KINGLTNE1-0071|བཙན་པོ་ལྷ་ཐོ་ཐོ་རི་གཉན་བཙན་ནི། བོད་ལ་ནང་ཆོས་འདྲེན་པའི་རྒྱལ་པོ་ཐོག་མ་དེ་ཡིན་པས། བོད་ཀྱི་ལོ་རྒྱུས་དང་ཆོས་འབྱུང་རྣམས་སུ།|བཙན་པོ་ལྷ་ཐོ་ཐོ་རི་གཉན་བཙན་ནི། བོད་ལ་ནང་ཆོས་འདྲེན་པའི་རྒྱལ་པོ་ཐོག་མ་དེ་ཡིན་པས། བོད་ཀྱི་ལོ་རྒྱུས་དང་ཆོས་འབྱུང་རྣམས་སུ།
KINGLTNE1-0072|བཙན་པོ་ལྷ་ཐོ་ཐོ་རི་གཉན་བཙན་གྱི་སྐུ་ཚེའི་རིང་བོད་ལ་ནང་ཆོས་ཀྱི་དབུ་བརྙེས་པར་ངོས་འཛིན་བྱེད་ཀྱི་ཡོད།|བཙན་པོ་ལྷ་ཐོ་ཐོ་རི་གཉན་བཙན་གྱི་སྐུ་ཚེའི་རིང་བོད་ལ་ནང་ཆོས་ཀྱི་དབུ་བརྙེས་པར་ངོས་འཛིན་བྱེད་ཀྱི་ཡོད།
KINGLTNE2-0001|མིའི་ཚོར་བ་དང་འབྲེལ་བ་གཏིང་ཟབ་ཡོད་པའི་ཆོས་ལུགས་བརྗེ་བསྒྱུར་བྱ་བ་ནི།|མིའི་ཚོར་བ་དང་འབྲེལ་བ་གཏིང་ཟབ་ཡོད་པའི་ཆོས་ལུགས་བརྗེ་བསྒྱུར་བྱ་བ་ནི། 
KINGLTNE2-0002|རྒྱལ་ཁབ་ཀྱི་སྲིད་དབང་རྒྱུན་གནས་ཐུབ་མིན་དང་འབྲེལ་བ་གཏིང་ཟབ་ཡོད་པར་མ་ཟད།|རྒྱལ་ཁབ་ཀྱི་སྲིད་དབང་རྒྱུན་གནས་ཐུབ་མིན་དང་འབྲེལ་བ་གཏིང་ཟབ་ཡོད་པར་མ་ཟད།
KINGLTNE2-0003|གལ་སྲིད་ཆོས་ལུགས་བརྗེ་བསྒྱུར་གྱི་བྱ་བ་ལམ་ལྷོང་མ་ཟད།|གལ་སྲིད་ཆོས་ལུགས་བརྗེ་བསྒྱུར་གྱི་བྱ་བ་ལམ་ལྷོང་མ་ཟད།
KINGLTNE2-0004|རྒྱལ་ཁབ་ཉམས་རྒུད་དང་འཐོར་ཞིག་ཏུ་འགྲོ་བ་དང་།|རྒྱལ་ཁབ་ཉམས་རྒུད་དང་འཐོར་ཞིག་ཏུ་འགྲོ་བ་དང་།
KINGLTNE2-0005|ཆོས་ལུགས་བརྗེ་བསགྱུང་གྱི་བྱ་བར་འགོ་ཁྲིད་བྱེད་མཁན་རྒྱལ་བོ་རང་ཉིད་ཀྱི་ཚེ་སྲོག་ལ་ཡང་ཉེན་ཁ་ཆེན་པོ་ཡོད་པ་གསལ་པོ་ཡིན།|ཆོས་ལུགས་བརྗེ་བསགྱུང་གྱི་བྱ་བར་འགོ་ཁྲིད་བྱེད་མཁན་རྒྱལ་བོ་རང་ཉིད་ཀྱི་ཚེ་སྲོག་ལ་ཡང་ཉེན་ཁ་ཆེན་པོ་ཡོད་པ་གསལ་པོ་ཡིན།
KINGLTNE2-0006|བཙན་པོ་ལྷ་ཐོ་ཐོ་རི་གཉ་བཙན་གྱིས་རང་གི་ཡབ་མེས་རྒྱུད་མེས་པོ་གྲི་གུམ་བཙན་པིའི་སྐུ་དུས་སུ།|བཙན་པོ་ལྷ་ཐོ་ཐོ་རི་གཉ་བཙན་གྱིས་རང་གི་ཡབ་མེས་རྒྱུད་མེས་པོ་གྲི་གུམ་བཙན་པིའི་སྐུ་དུས་སུ།
KINGLTNE2-0007|བོད་དུ་ནང་པ་སངས་རྒྱས་པའི་ཆོས་ལུགས་སྤེལ་བའི་ལས་གཞི་བརྕམས་པ་ལ་བརྟེན་ནས།|བོད་དུ་ནང་པ་སངས་རྒྱས་པའི་ཆོས་ལུགས་སྤེལ་བའི་ལས་གཞི་བརྕམས་པ་ལ་བརྟེན་ནས།
KINGLTNE2-0008|ཆོས་ལུགས་དང་བོན་ལུགས་ཕྱོགས་འཛིན་པའི་བར་ལ་འགལ་ཟླ་ཆེན་པོ་བྱུང་སྟེ།|ཆོས་ལུགས་དང་བོན་ལུགས་ཕྱོགས་འཛིན་པའི་བར་ལ་འགལ་ཟླ་ཆེན་པོ་བྱུང་སྟེ།
KINGLTNE2-0009|རྒྱལ་པོའི་ཕོ་བྲང་ནས་བཟུང་སྟེ་སྤྱི་ཚོགས་ཁྲོད་ཀྱི་མི་དཀྱུས་མའི་བར་དུ་ཟིང་ཆེན་པོ་གྱུར་པའི་ཐོག|རྒྱལ་པོའི་ཕོ་བྲང་ནས་བཟུང་སྟེ་སྤྱི་ཚོགས་ཁྲོད་ཀྱི་མི་དཀྱུས་མའི་བར་དུ་ཟིང་ཆེན་པོ་གྱུར་པའི་ཐོག
KINGLTNE2-0010|མཐའ་མ་རྒྱལ་པོ་གྲི་གུམ་བཙན་པོ་རང་ཉིད་ཀྱང་བོན་ལུགས་ལ་དད་པའི་བློན་པོ་ལོང་ངམ་གྱིས་སྐུ་བཀྲོངས་པའི་ལོ་རྒྱུས་གསལ་པོར་མཁྱེན་གྱི་ཡོད་པ་རེད།|མཐའ་མ་རྒྱལ་པོ་གྲི་གུམ་བཙན་པོ་རང་ཉིད་ཀྱང་བོན་ལུགས་ལ་དད་པའི་བློན་པོ་ལོང་ངམ་གྱིས་སྐུ་བཀྲོངས་པའི་ལོ་རྒྱུས་གསལ་པོར་མཁྱེན་གྱི་ཡོད་པ་རེད།
KINGLTNE2-0011|སྔོན་གྱི་བྱུང་བ་དང་སྐབས་དེའི་སྤྱི་ཚོགས་ཀྱི་གནས་སྟངས་ཐོག་ནས། ཆོས་ལུགས་བརྗེ་བསྒྱུར་བྱ་རྒྱུའི་ལས་དོན་འདི་ནི།|སྔོན་གྱི་བྱུང་བ་དང་སྐབས་དེའི་སྤྱི་ཚོགས་ཀྱི་གནས་སྟངས་ཐོག་ནས། ཆོས་ལུགས་བརྗེ་བསྒྱུར་བྱ་རྒྱུའི་ལས་དོན་འདི་ནི།
KINGLTNE2-0012|ཤིན་ཏུ་ཉེན་ག་ཆེ་བའི་ལས་འགུལ་ཞིག་ཡིན་པ་བཙན་པོ་ལྷ་ཐོ་ཐོ་རི་གཉན་བཙན་གྱིས་གསལ་པོ་རྟོགས་ཀྱི་ཡོད་ཀྱང་།|ཤིན་ཏུ་ཉེན་ག་ཆེ་བའི་ལས་འགུལ་ཞིག་ཡིན་པ་བཙན་པོ་ལྷ་ཐོ་ཐོ་རི་གཉན་བཙན་གྱིས་གསལ་པོ་རྟོགས་ཀྱི་ཡོད་ཀྱང་།
KINGLTNE2-0013|བཙན་པོ་ཁོང་གིས་བོད་ཁམས་སྐྱོང་བ་ལ་མིག་སྔར་འདེམས་ཀ་གཉིས་ལས་ལྷག་མེད་པ་རེད།|བཙན་པོ་ཁོང་གིས་བོད་ཁམས་སྐྱོང་བ་ལ་མིག་སྔར་འདེམས་ཀ་གཉིས་ལས་ལྷག་མེད་པ་རེད།
KINGLTNE2-0014|བཙན་པོ་ལྷ་ཐོ་ཐོ་རི་གཉན་བཙན་གྱི་མིག་སྔར་ལྷག་པའི་འདེམས་ཀ་དང་པོ་ནི། བཙན་པོས་རང་གི་ཚེ་སྲོག་དང་མངའ་ཐང་སྲུང་སྐྱོབ་བྱ་བའི་དོན་དུ།|བཙན་པོ་ལྷ་ཐོ་ཐོ་རི་གཉན་བཙན་གྱི་མིག་སྔར་ལྷག་པའི་འདེམས་ཀ་དང་པོ་ནི། བཙན་པོས་རང་གི་ཚེ་སྲོག་དང་མངའ་ཐང་སྲུང་སྐྱོབ་བྱ་བའི་དོན་དུ།
KINGLTNE2-0015|ཆོས་ལུགས་རྙིང་ཞེན་པ་ཉུང་ཞས་ཀྱི་ཁེ་ཕན་ལ་བསྟུན་ཐབས་གནང་སྟེ། ཆོས་སྲིད་གཉིས་ཀའི་ལམ་ལུགས་རྙིང་པ་ལ་བཅོས་བསྒྱུར་གང་ཡང་མི་བྱེད་པར།|ཆོས་ལུགས་རྙིང་ཞེན་པ་ཉུང་ཞས་ཀྱི་ཁེ་ཕན་ལ་བསྟུན་ཐབས་གནང་སྟེ། ཆོས་སྲིད་གཉིས་ཀའི་ལམ་ལུགས་རྙིང་པ་ལ་བཅོས་བསྒྱུར་གང་ཡང་མི་བྱེད་པར།
KINGLTNE2-0016|སྔ་མོའི་གནས་སྟངས་གང་ཡིན་པ་དེ་གར་རང་སོར་འཇོག་རྒྱུ་དང་། འདེམས་ཀ་གཉིས་པ་ནི། བོད་རྒྱ་ཆེའི་མང་ཚོགས་ཀྱི་མངོན་འདོད་དང་དགོས་མགོ།|སྔ་མོའི་གནས་སྟངས་གང་ཡིན་པ་དེ་གར་རང་སོར་འཇོག་རྒྱུ་དང་། འདེམས་ཀ་གཉིས་པ་ནི། བོད་རྒྱ་ཆེའི་མང་ཚོགས་ཀྱི་མངོན་འདོད་དང་དགོས་མགོ།
KINGLTNE2-0017|བོད་མི་རིགས་ལ་ཕུགས་རྒྱང་རིང་པོར་ཁེ་ཕན་དང་བདེ་སྐྱིད་ཡོང་བའི་དམིགས་ཡུལ་བཅས་གཞི་ལ་བཞག་སྟེ།|བོད་མི་རིགས་ལ་ཕུགས་རྒྱང་རིང་པོར་ཁེ་ཕན་དང་བདེ་སྐྱིད་ཡོང་བའི་དམིགས་ཡུལ་བཅས་གཞི་ལ་བཞག་སྟེ།
KINGLTNE2-0018|རང་ཉིད་བློས་བཏང་སྟེ་ནུས་ཤུགས་ཉམས་ཟིན་པའི་ཆོས་ལུགས་དང་རིག་གཞུང་རྙིང་པ་ལ་བཅོས་བསྒྱུར་གྱི་ལས་གཞི་རྒྱ་ཆེན་པོ་ཞིག་རྩོམ་དགོས་པ་རེད།|རང་ཉིད་བློས་བཏང་སྟེ་ནུས་ཤུགས་ཉམས་ཟིན་པའི་ཆོས་ལུགས་དང་རིག་གཞུང་རྙིང་པ་ལ་བཅོས་བསྒྱུར་གྱི་ལས་གཞི་རྒྱ་ཆེན་པོ་ཞིག་རྩོམ་དགོས་པ་རེད།
KINGLTNE2-0019|བཙན་པོ་ལྷ་ཐོ་ཐོ་རི་གཉན་བཙན་ཤིན་ཏུ་ཐག་གཅོད་དཀའ་བའི་འདེམས་ཀ་འདི་གཉིས་ཀྱི་བར་དུ་ཚུད་པ་ན། རང་གི་འཕྲལ་གྱི་ཁེ་ཕན་སྒྲུབ་ཐབས་དང་།།|བཙན་པོ་ལྷ་ཐོ་ཐོ་རི་གཉན་བཙན་ཤིན་ཏུ་ཐག་གཅོད་དཀའ་བའི་འདེམས་ཀ་འདི་གཉིས་ཀྱི་བར་དུ་ཚུད་པ་ན། རང་གི་འཕྲལ་གྱི་ཁེ་ཕན་སྒྲུབ་ཐབས་དང་།
KINGLTNE2-0020|རང་ཉིད་འཇིགས་སྣང་ལས་གཡོལ་ཐབས་གཙོ་འདོན་མ་མཛད་པར་། ལས་དོན་གྱི་རིམ་པ་ཐམས་ཅད་ལ་བས་བརླིང་བརྟན་གསུམ་གྱིས་ཞིབ་འཇུག་གཏིང་ཕྱིན་པར་མཛད་ཅིང་།|རང་ཉིད་འཇིགས་སྣང་ལས་གཡོལ་ཐབས་གཙོ་འདོན་མ་མཛད་པར་། ལས་དོན་གྱི་རིམ་པ་ཐམས་ཅད་ལ་བས་བརླིང་བརྟན་གསུམ་གྱིས་ཞིབ་འཇུག་གཏིང་ཕྱིན་པར་མཛད་ཅིང་།
KINGLTNE2-0021|བློ་མཛངས་པའི་བློན་པོའི་ཚོགས་ལ་ཡང་གྲོས་བསྡུར་ལན་མང་གནང་གི་ཡོད་པ་རེད།|བློ་མཛངས་པའི་བློན་པོའི་ཚོགས་ལ་ཡང་གྲོས་བསྡུར་ལན་མང་གནང་གི་ཡོད་པ་རེད།
KINGLTNE2-0022|བཙན་པོ་ལྷ་ཐོ་ཐོ་རི་གཉན་བཙན་གྱི་བསམ་པར། ཉེན་ཁའི་རང་བཞིན་གྱི་ལས་དོན་ཞིག་ཐག་གཅོད་བྱེད་པའི་སྐབས། རྣམ་དཔྱོད་ཀྱི་དབྱེ་ཞིབ་ལ་བརྟེན་པ་དང་།|བཙན་པོ་ལྷ་ཐོ་ཐོ་རི་གཉན་བཙན་གྱི་བསམ་པར། ཉེན་ཁའི་རང་བཞིན་གྱི་ལས་དོན་ཞིག་ཐག་གཅོད་བྱེད་པའི་སྐབས། རྣམ་དཔྱོད་ཀྱི་དབྱེ་ཞིབ་ལ་བརྟེན་པ་དང་།
KINGLTNE2-0023|དྲང་པོའི་ཚུགས་ཟིན་དགོས་པ་སློས་མེད་ཐོག རང་ཉིད་བློས་བཏང་དང་ཐག་གཅོད་བྱེད་པའི་སྙིང་སྟོབས་མེད་དུ་མི་རུང་བ་ཡིན་པ་དང་།|དྲང་པོའི་ཚུགས་ཟིན་དགོས་པ་སློས་མེད་ཐོག རང་ཉིད་བློས་བཏང་དང་ཐག་གཅོད་བྱེད་པའི་སྙིང་སྟོབས་མེད་དུ་མི་རུང་བ་ཡིན་པ་དང་།
KINGLTNE2-0024|དེ་ལས་ཀྱང་གལ་ཆེ་བ་ནི། ཐག་གཅོབད་གནང་ཟིན་པའི་ལས་དོན་ཐོགམང་ཚོགས་སྐུལ་འདེད་བྱེད་མ་ཐུབ་ན།|དེ་ལས་ཀྱང་གལ་ཆེ་བ་ནི། ཐག་གཅོབད་གནང་ཟིན་པའི་ལས་དོན་ཐོགམང་ཚོགས་སྐུལ་འདེད་བྱེད་མ་ཐུབ་ན།
KINGLTNE2-0025|ཐག་གཅོད་དེ་ལ་གྲུབ་འབྲས་གང་ཡང་མི་འབྱུང་བར་རང་བཞིན་གྱིས་ནུས་མེད་དུ་ཆགས་འགྲོ་བའི་ཉེན་ཁ་ཞིག་གཟིགས་ཀྱི་ཡོད་པ་ེརད།|ཐག་གཅོད་དེ་ལ་གྲུབ་འབྲས་གང་ཡང་མི་འབྱུང་བར་རང་བཞིན་གྱིས་ནུས་མེད་དུ་ཆགས་འགྲོ་བའི་ཉེན་ཁ་ཞིག་གཟིགས་ཀྱི་ཡོད་པ་ེརད།
KINGLTNE2-0026|སྤྱིར་ཐག་གཅོད་གང་འདྲ་ཞོག་ཡིན་ཡང་རུང་། ཐག་གཅོད་དེ་ནུས་ཤུགས་ལྡན་པ་ཞིག་ཡོང་ཐུབ་མོན་ནི། ཐག་གཅོད་བྱེད་མཁན་གྱི་གང་ཟག་གི་ཀུན་སློང་ཡང་དག་པ་དང་།|སྤྱིར་ཐག་གཅོད་གང་འདྲ་ཞོག་ཡིན་ཡང་རུང་། ཐག་གཅོད་དེ་ནུས་ཤུགས་ལྡན་པ་ཞིག་ཡོང་ཐུབ་མོན་ནི། ཐག་གཅོད་བྱེད་མཁན་གྱི་གང་ཟག་གི་ཀུན་སློང་ཡང་དག་པ་དང་།
KINGLTNE2-0027|ཐག་གཅོད་དེ་ཉིད་ལ་བདེན་པའི་གཞི་རྩ་ཅི་ཙམ་ཡོད་པ། ཐག་གཅོད་དེར་མང་ཚོགས་ཀྱི་ཁེ་ཕན་སྒྲུབ་པའི་ནུས་པ་ཇི་ཙམ་ཡོད་མེད་བཅས་ལ་རག་ལས་པར་མ་ཟད།|ཐག་གཅོད་དེ་ཉིད་ལ་བདེན་པའི་གཞི་རྩ་ཅི་ཙམ་ཡོད་པ། ཐག་གཅོད་དེར་མང་ཚོགས་ཀྱི་ཁེ་ཕན་སྒྲུབ་པའི་ནུས་པ་ཇི་ཙམ་ཡོད་མེད་བཅས་ལ་རག་ལས་པར་མ་ཟད།
KINGLTNE2-0028|ཐག་གཅོད་དེ་ལ་མོས་མཐུན་བྱེད་པའི་རྒྱབ་དཔུང་ནུས་ཤུགས་ཅན་ཞིག་ཡོད་མེད་ལ་ཡང་རག་ལས་ཀྱི་འབྲེལ་བ་ཆེན་པོ་ཡོད་པ་རེད།|ཐག་གཅོད་དེ་ལ་མོས་མཐུན་བྱེད་པའི་རྒྱབ་དཔུང་ནུས་ཤུགས་ཅན་ཞིག་ཡོད་མེད་ལ་ཡང་རག་ལས་ཀྱི་འབྲེལ་བ་ཆེན་པོ་ཡོད་པ་རེད།
KINGLTNE2-0029|གལ་གནད་ཆེ་བའི་གནས་ལུགས་འདི་དག་བཙན་པོ་ལྷ་ཐོ་ཐོ་རི་གཉན་བཙན་གྱིས་གསལ་པོར་མཁྱེན་གྱི་ཡོད་སྟབས།|གལ་གནད་ཆེ་བའི་གནས་ལུགས་འདི་དག་བཙན་པོ་ལྷ་ཐོ་ཐོ་རི་གཉན་བཙན་གྱིས་གསལ་པོར་མཁྱེན་གྱི་ཡོད་སྟབས།
KINGLTNE2-0030|བཙན་པོ་ཁོང་གིས་ལས་དོན་གལ་གནད་ཆེ་བའི་རིགས་གང་འདྲ་ཞིག་ཐག་གཅོད་གནང་བ་ཡིན་ན་ཡང་། རང་གི་དབང་ཤེད་དང་བཙན་ཤུགས་མི་བཀོལ་བར།|བཙན་པོ་ཁོང་གིས་ལས་དོན་གལ་གནད་ཆེ་བའི་རིགས་གང་འདྲ་ཞིག་ཐག་གཅོད་གནང་བ་ཡིན་ན་ཡང་། རང་གི་དབང་ཤེད་དང་བཙན་ཤུགས་མི་བཀོལ་བར།
KINGLTNE2-0031|བློན་པོའི་ཚོགས་ལ་གྲོས་བསྡུར་དང་སྦྱངས་བཤད་གནང་སྟེ།|བློན་པོའི་ཚོགས་ལ་གྲོས་བསྡུར་དང་སྦྱངས་བཤད་གནང་སྟེ།
KINGLTNE2-0032|ཐག་གཅོད་བརྒྱུད་རིམ་ལྡན་བ་དང་། བསམ་བློ་གཅོག་གྱུར་གྱི་རྒྱབ་དཔུང་བརྟན་པོ་ཡོང་བའི་ཐབས་སུ་འབད་བརྩོན་གནང་གི་ཡོད་པ་རེད།|ཐག་གཅོད་བརྒྱུད་རིམ་ལྡན་བ་དང་། བསམ་བློ་གཅོག་གྱུར་གྱི་རྒྱབ་དཔུང་བརྟན་པོ་ཡོང་བའི་ཐབས་སུ་འབད་བརྩོན་གནང་གི་ཡོད་པ་རེད།
KINGLTNE2-0033|འོན་ཀྱང་གྲོས་གཞི་གང་ཡང་རུང་བའི་ཐོག་བསམ་བློ་གཅིག་གྱུར་མ་བྱུང་བའི་དབང་དུ་བཏང་ཡང་།|འོན་ཀྱང་གྲོས་གཞི་གང་ཡང་རུང་བའི་ཐོག་བསམ་བློ་གཅིག་གྱུར་མ་བྱུང་བའི་དབང་དུ་བཏང་ཡང་།
KINGLTNE2-0034|མཐའ་མའི་ཐག་གཅོད་གཅིག་དང་ལག་བསྟར་གཅིག་གི་སྟེང་དུ་འབབ་དགོས་པ་ལས།|མཐའ་མའི་ཐག་གཅོད་གཅིག་དང་ལག་བསྟར་གཅིག་གི་སྟེང་དུ་འབབ་དགོས་པ་ལས།
KINGLTNE2-0035|འགལ་བ་ཅན་གྱི་ཐག་གཅོད་གཉིས་ལས་དོན་གཅིག་གི་སྟེང་དུ་ཡོང་ཐབས་མེད་པས། གང་ལ་གནས་ལུགས་དང་བདེན་པ་ཡོད་པ་དང་།|འགལ་བ་ཅན་གྱི་ཐག་གཅོད་གཉིས་ལས་དོན་གཅིག་གི་སྟེང་དུ་ཡོང་ཐབས་མེད་པས། གང་ལ་གནས་ལུགས་དང་བདེན་པ་ཡོད་པ་དང་།
KINGLTNE2-0036|བློ་ཁ་མང་པོ་མཐུན་པའི་ཕྱོགས་ལ་ཐག་གཅོད་ཡོང་བར་འབད་བརྩོན་གནང་གི་ཡོད།|བློ་ཁ་མང་པོ་མཐུན་པའི་ཕྱོགས་ལ་ཐག་གཅོད་ཡོང་བར་འབད་བརྩོན་གནང་གི་ཡོད།
KINGLTNE2-0037|གཞི་རྒྱ་ཆེ་བའི་ཆོས་ལུགས་བརྗེ་བསྒྱུར་གྱི་བྱ་བ་སྒྲུབ་འདོད་ངཁན་ཞིག་ལ་མཚོན་ན།|གཞི་རྒྱ་ཆེ་བའི་ཆོས་ལུགས་བརྗེ་བསྒྱུར་གྱི་བྱ་བ་སྒྲུབ་འདོད་ངཁན་ཞིག་ལ་མཚོན་ན། 
KINGLTNE2-0038|རང་གིས་གསར་དུ་འགོ་འཛུགས་བྱེད་བཞིན་པའི་ལས་དོན་གྱི་རིགས་ལ། ཕྱི་ནང་གཉིས་ཀ་ནས་འགོག་རྐྱེན་གང་དང་གང་ཡོད་པ་དང་།|རང་གིས་གསར་དུ་འགོ་འཛུགས་བྱེད་བཞིན་པའི་ལས་དོན་གྱི་རིགས་ལ། ཕྱི་ནང་གཉིས་ཀ་ནས་འགོག་རྐྱེན་གང་དང་གང་ཡོད་པ་དང་།
KINGLTNE2-0039|ལས་དོན་དངོས་གཞིའི་སྐབས་འགོག་རྐྱེན་གང་དང་གང་ཡོང་སྲིད་པའི་ཚོད་དཔག་གསལ་པོ་དགོས་པར་མ་ཟད།|ལས་དོན་དངོས་གཞིའི་སྐབས་འགོག་རྐྱེན་གང་དང་གང་ཡོང་སྲིད་པའི་ཚོད་དཔག་གསལ་པོ་དགོས་པར་མ་ཟད།
KINGLTNE2-0040|འགོག་རྐྱེན་དེ་རིགས་ལ་གདོང་ལེན་གང་འདྲ་བྱ་རྒྱུ་ཡིན་པའི་གྲ་སྒྲིག་འཐུས་སྒོ་ཚང་བ་ཞིག་ཀྱང་དགོས་པ་སྨོས་མ་དགོས་པ་རེད།|འགོག་རྐྱེན་དེ་རིགས་ལ་གདོང་ལེན་གང་འདྲ་བྱ་རྒྱུ་ཡིན་པའི་གྲ་སྒྲིག་འཐུས་སྒོ་ཚང་བ་ཞིག་ཀྱང་དགོས་པ་སྨོས་མ་དགོས་པ་རེད།
KINGLTNE2-0041|དེར་བརྟེན་བཙན་པོ་ལྷ་ཐོ་ཐོ་རི་གཉན་བཙན་གྱིས་རང་ལ་ཕུགས་འདུན་ཇི་ཙམ་རྒྱ་ཆེན་པོ་ཡོད་མེད་ལ་མ་ལྟོས་པར།|དེར་བརྟེན་བཙན་པོ་ལྷ་ཐོ་ཐོ་རི་གཉན་བཙན་གྱིས་རང་ལ་ཕུགས་འདུན་ཇི་ཙམ་རྒྱ་ཆེན་པོ་ཡོད་མེད་ལ་མ་ལྟོས་པར།
KINGLTNE2-0042|འགོག་རྐྱེན་ལ་གདོང་འེན་བྱེད་པའི་སྙིང་སྟོབས་དང་ནུས་པ་མེད་ཚེ། འགོག་རྐྱེན་ཞིག་དང་འཕྲད་མ་ཐག་རང་ཉིད་ལས་སླ་པོར་ཕམ་རྒྱུ་ཡིན་པར་མ་ཟད།|འགོག་རྐྱེན་ལ་གདོང་འེན་བྱེད་པའི་སྙིང་སྟོབས་དང་ནུས་པ་མེད་ཚེ། འགོག་རྐྱེན་ཞིག་དང་འཕྲད་མ་ཐག་རང་ཉིད་ལས་སླ་པོར་ཕམ་རྒྱུ་ཡིན་པར་མ་ཟད།
KINGLTNE2-0043|རང་གི་མི་ཚེ་ཡང་གཞན་ངོ་སྲུང་བའི་བྲན་གཡོག་ངོ་མ་ཞིག་ཏུ་གྱུར་ཏེ།|རང་གི་མི་ཚེ་ཡང་གཞན་ངོ་སྲུང་བའི་བྲན་གཡོག་ངོ་མ་ཞིག་ཏུ་གྱུར་ཏེ།
KINGLTNE2-0044|རང་གི་མཚན་སྙན་དང་དབང་ཕྱུག་ཐམས་ཅད་ཕ་རོལ་པོའི་ལྐོག་གཡོའི་ངན་བྱུས་འགྲུབ་པའི་ལག་ཆར་འགྲུར་རྒྱུ་ཡིན་པའི་ཉེན་ཁ་ཆེན་པོ་གཟིགས་ཀྱི་ཡོད།|རང་གི་མཚན་སྙན་དང་དབང་ཕྱུག་ཐམས་ཅད་ཕ་རོལ་པོའི་ལྐོག་གཡོའི་ངན་བྱུས་འགྲུབ་པའི་ལག་ཆར་འགྲུར་རྒྱུ་ཡིན་པའི་ཉེན་ཁ་ཆེན་པོ་གཟིགས་ཀྱི་ཡོད།
KINGLTNE2-0045|དེ་ལས་ཀྱང་ཉེན་ཁ་ཆེ་བ་ཞིག་ནི། རང་ཚུགས་ཀྱི་ནུས་པ་ཤོར་ཚེ།|དེ་ལས་ཀྱང་ཉེན་ཁ་ཆེ་བ་ཞིག་ནི། རང་ཚུགས་ཀྱི་ནུས་པ་ཤོར་ཚེ།
KINGLTNE2-0046|བསམ་བཞིན་ཡིན་མིན་གང་ལྟར་ཡང་། རང་གི་བསམ་ཡུལ་ན་མེད་པའི་ལས་ངན་གནོད་ཚབས་ཅན་མང་པོ་ཞིག་རང་བཞིན་གྱིས་བསྒྲུབ་དགོས་པར་གྱུར་ཏེ།|བསམ་བཞིན་ཡིན་མིན་གང་ལྟར་ཡང་། རང་གི་བསམ་ཡུལ་ན་མེད་པའི་ལས་ངན་གནོད་ཚབས་ཅན་མང་པོ་ཞིག་རང་བཞིན་གྱིས་བསྒྲུབ་དགོས་པར་གྱུར་ཏེ།
KINGLTNE2-0047|མཐའ་མ་རང་ཉིད་ལོ་རྒྱུས་ཐོག་གི་མི་སྣ་ཉེས་ཅན་ཞིག་ཏུ་འགྱུར་རྒྱུ་ཡིན་པའི་ཉེན་ཁ་ཆེན་པོ་ཡོད་པ་ཡང་གསལ་པོར་རྟོགས་ཀྱི་ཡོད་པ་རེད།|མཐའ་མ་རང་ཉིད་ལོ་རྒྱུས་ཐོག་གི་མི་སྣ་ཉེས་ཅན་ཞིག་ཏུ་འགྱུར་རྒྱུ་ཡིན་པའི་ཉེན་ཁ་ཆེན་པོ་ཡོད་པ་ཡང་གསལ་པོར་རྟོགས་ཀྱི་ཡོད་པ་རེད།
KINGLTNE2-0048|དེར་བརྟེན་བཙན་པོ་ལྷ་ཐོ་ཐོ་རི་གཉན་བཙན་གྱིས་ཐོག་མཐའ་བར་གསུམ་དུ། རང་ཉིད་བསམ་བློའི་རང་ཚུགས་མེད་པའི་མི་ནུས་མེད་ཅིག་ཏུ་མི་འགྱུར་བའི་དོན་དུ།|དེར་བརྟེན་བཙན་པོ་ལྷ་ཐོ་ཐོ་རི་གཉན་བཙན་གྱིས་ཐོག་མཐའ་བར་གསུམ་དུ། རང་ཉིད་བསམ་བློའི་རང་ཚུགས་མེད་པའི་མི་ནུས་མེད་ཅིག་ཏུ་མི་འགྱུར་བའི་དོན་དུ།
KINGLTNE2-0049|རང་གི་ལུས་སྲོག་ཚུན་ཆད་བདེན་དོན་དང་དམངས་ཀྱི་བདེ་དོན་གྱི་ཆེད་དུ་བློས་བཏང་མཛད་པ་ལ་བརྟེན་ནས།|རང་གི་ལུས་སྲོག་ཚུན་ཆད་བདེན་དོན་དང་དམངས་ཀྱི་བདེ་དོན་གྱི་ཆེད་དུ་བློས་བཏང་མཛད་པ་ལ་བརྟེན་ནས།
KINGLTNE2-0050|བཙན་པོ་ཁོང་བོད་ཁམས་སུ་ཤེས་རབ་ཀྱི་སྣང་བ་འདྲེན་པའི་སྐྱེས་བུ་རླབས་ཆེན་ཞིག་ཏུ་གྱུར་ཐུབ་ཡོད་པ་རེད།|བཙན་པོ་ཁོང་བོད་ཁམས་སུ་ཤེས་རབ་ཀྱི་སྣང་བ་འདྲེན་པའི་སྐྱེས་བུ་རླབས་ཆེན་ཞིག་ཏུ་གྱུར་ཐུབ་ཡོད་པ་རེད།
KINGLTNE2-0051|འདི་ལྟར་བཙན་པོ་ལྷ་ཐོ་ཐོ་གཉན་བཙན་གྱིས་རྣམ་དཔྱོད་དང་བློ་རིག་གྲིམ་པོས། །|འདི་ལྟར་བཙན་པོ་ལྷ་ཐོ་ཐོ་གཉན་བཙན་གྱིས་རྣམ་དཔྱོད་དང་བློ་རིག་གྲིམ་པོས། 
KINGLTNE2-0052|བོད་མི་རིགས་ཀྱི་འཕྲལ་ཕུགས་རྒྱང་གསུམ་གྱི་ཁེ་ཕན་གཞི་རྩར་བཞག་སྟེ|བོད་མི་རིགས་ཀྱི་འཕྲལ་ཕུགས་རྒྱང་གསུམ་གྱི་ཁེ་ཕན་གཞི་རྩར་བཞག་སྟེ།
KINGLTNE2-0053|ཆོས་ལུགས་དང་རིག་གཞུང་གསར་བརྗེའི་ལས་འགུལ་དངོས་སུ་ཕྱག་མསྟར་མཛད་པ་ནི།|ཆོས་ལུགས་དང་རིག་གཞུང་གསར་བརྗེའི་ལས་འགུལ་དངོས་སུ་ཕྱག་མསྟར་མཛད་པ་ནི། 
KINGLTNE2-0054|བོད་མི་རིགས་ཀྱི་དངོས་ཡོད་དགོས་མཁོ་དང་མཐུན་པའི་འགྱུར་བ་རླབས་ཆེན་ཞིག་ཡིན་ལ།|བོད་མི་རིགས་ཀྱི་དངོས་ཡོད་དགོས་མཁོ་དང་མཐུན་པའི་འགྱུར་བ་རླབས་ཆེན་ཞིག་ཡིན་ལ།
KINGLTNE2-0055|མི་རིགས་དེའི་སྤྱི་ཚོགས་ཀྱི་མདུན་ལྗོངས་ལ་སྐྱ་ཐིག་བཏབ་པའི་སྔོན་དཔག་ཚད་མཐོ་པོ་ཞིག་ཡིན་པ་གསལ་པོར་གྱུར་ཡོད་པ་རེད།|མི་རིགས་དེའི་སྤྱི་ཚོགས་ཀྱི་མདུན་ལྗོངས་ལ་སྐྱ་ཐིག་བཏབ་པའི་སྔོན་དཔག་ཚད་མཐོ་པོ་ཞིག་ཡིན་པ་གསལ་པོར་གྱུར་ཡོད་པ་རེད།


